{
  "mae": 1.8009520769119263,
  "rmse": 2.252012730096643,
  "r2": 0.9350685477256775,
  "mape": 55.42750549316406,
  "mae_norm": 0.026138637215955444,
  "rmse_norm": 0.03268523528238986,
  "r2_norm": 0.9350685267619174,
  "model_type": "hybrid"
}