{
  "train_loss": [
    0.03007372972470793
  ],
  "val_loss": [
    0.0015639151457608456
  ],
  "learning_rate": [
    0.001
  ]
}