{
  "train_loss": [
    0.021897584895118023,
    0.006626857816298523,
    0.005041902592982835,
    0.004188700943109645,
    0.003421782235015936,
    0.0029406925508131585,
    0.002533982395841587,
    0.0022364403487362423,
    0.0020021115027438027,
    0.0017598871616624785,
    0.001621503752936115,
    0.001435686938274442,
    0.0013961332381217622,
    0.0013054338747858477,
    0.0011729937445201818,
    0.0011857743399598124,
    0.0011449555435738233,
    0.0010833495483458253,
    0.001085559200651795,
    0.0010324613499442037,
    0.0010350411711369987,
    0.0010660995957179284,
    0.0011311341197330488,
    0.0010659764419712057,
    0.0010149272542967168,
    0.0010295449255991885,
    0.0011501801868369409,
    0.001061525314438546,
    0.0010274785218001758,
    0.001056778278013805,
    0.0010002470415953477,
    0.0009820753497513178,
    0.0009733691118535161,
    0.0009666238862260336,
    0.0009422664172037946,
    0.0009536154914162004,
    0.0009467670040318803,
    0.0009587891507804166,
    0.000929389520741763,
    0.0009625333641708212,
    0.0009640550836341394,
    0.0009348372176744288,
    0.0009489571914774203,
    0.0009650833330318297,
    0.000947048399540565,
    0.000937172210066986,
    0.0009694289478381545,
    0.0009448944399419717,
    0.0009269092211219976,
    0.0009536209813824159,
    0.0009220741792229997,
    0.0009346380825711965,
    0.0009315002211172815,
    0.0009401508891450005,
    0.0009568307124911218,
    0.0009420303185962298,
    0.0009442480832191857,
    0.0009139152087966426,
    0.0009016685485413534,
    0.0008992805673648984,
    0.0008886753026168671,
    0.0008984291600828614,
    0.0008591070259919067,
    0.0008868713038722097,
    0.0008805256627692443
  ],
  "val_loss": [
    0.0006935122563964283,
    0.0017959872189828236,
    0.0005436827929730972,
    0.000922687423830528,
    0.0006047635262961114,
    0.0008407012241862147,
    0.00018425339065130254,
    0.00038540157291446,
    0.0003316044467678496,
    0.00016605778261652196,
    0.00025495236047351244,
    0.00041991249410152113,
    0.00020334090020143142,
    0.0002303452040549651,
    0.00016993187312871905,
    0.00014812117724036597,
    0.00025173160405677703,
    0.000518148669826864,
    0.0003193982468118243,
    0.00015501000226599305,
    0.0005549956897638091,
    0.00014872013415025202,
    0.0001048419149099019,
    0.00020476626615045066,
    9.919398666091223e-05,
    0.00016418265050046813,
    0.00019631316765457007,
    0.00015899248042526028,
    0.00018076626158448482,
    0.00025812006732967745,
    0.00015275692622589818,
    0.00015151007036088825,
    0.0002053539423207479,
    0.00012517190960985002,
    0.0002530251247504645,
    9.525513284999128e-05,
    0.00019467788313151053,
    0.0001952963850825377,
    0.00016572508534211565,
    0.00014599500457773937,
    0.0001980153382369874,
    0.00026533225425974587,
    0.00016504363884450868,
    0.00013435069859437846,
    0.00012235626095587023,
    9.763296182664699e-05,
    0.00011124492851630076,
    0.0001383393074597141,
    0.00012128609009580586,
    9.190480705001391e-05,
    9.925985669605839e-05,
    0.00015210269766216896,
    0.00017221193126676118,
    9.805009026224624e-05,
    9.443826282854981e-05,
    0.00011774354306512775,
    0.00011599412462838582,
    0.00025148262284346856,
    0.000101260110212657,
    0.00010461246157596496,
    0.00011750121769221985,
    0.00010173735276823763,
    9.279963049503631e-05,
    0.0001076637450434804,
    0.00011786046659677675
  ],
  "learning_rate": [
    0.001,
    0.001,
    0.001,
    0.001,
    0.001,
    0.001,
    0.001,
    0.001,
    0.001,
    0.001,
    0.001,
    0.001,
    0.001,
    0.001,
    0.001,
    0.001,
    0.001,
    0.001,
    0.001,
    0.001,
    0.001,
    0.001,
    0.001,
    0.001,
    0.001,
    0.001,
    0.001,
    0.001,
    0.001,
    0.001,
    0.001,
    0.001,
    0.001,
    0.0005,
    0.0005,
    0.0005,
    0.0005,
    0.0005,
    0.0005,
    0.0005,
    0.0005,
    0.0005,
    0.0005,
    0.0005,
    0.00025,
    0.00025,
    0.00025,
    0.00025,
    0.00025,
    0.00025,
    0.00025,
    0.00025,
    0.00025,
    0.00025,
    0.00025,
    0.00025,
    0.00025,
    0.00025,
    0.000125,
    0.000125,
    0.000125,
    0.000125,
    0.000125,
    0.000125,
    0.000125
  ]
}