{
  "train_loss": [
    0.03855316432174107,
    0.00924311906588499,
    0.007148492300525458,
    0.005810515464735076,
    0.004809490917720879,
    0.003907449209517,
    0.0033579244504146504,
    0.0029715077852773848,
    0.0025163518107317465,
    0.0022540512939237737,
    0.002089715957867377,
    0.0017556307544564884,
    0.001644912003856999,
    0.0015141177096996796,
    0.0014317494933493435,
    0.0013445347536947918,
    0.0012054090415165204,
    0.0011608390755789128,
    0.0011290799370129601,
    0.001036665608725426,
    0.001017398507548308,
    0.0010240904941585744,
    0.0010217906865455926
  ],
  "val_loss": [
    0.01640071127829807,
    0.004188874827897442,
    0.0005813511777974089,
    0.0033337234816003944,
    0.0011241013742706162,
    0.001279758834113766,
    0.0002837929283227173,
    0.00036630960520207215,
    0.00017332385288595798,
    0.000178939840095284,
    0.0004342890797055415,
    0.00024269430477510295,
    0.00015605041716342037,
    0.00027875487458437593,
    0.00023493077172870037,
    0.0001722877066294175,
    0.00035899214743126536,
    0.00027501993203519044,
    0.00016981385332266136,
    0.0001794742711354047,
    0.0001755366784415119,
    0.0003221901228936899,
    0.0001568681810957579
  ],
  "learning_rate": [
    0.001,
    0.001,
    0.001,
    0.001,
    0.001,
    0.001,
    0.001,
    0.001,
    0.001,
    0.001,
    0.001,
    0.001,
    0.001,
    0.001,
    0.001,
    0.001,
    0.001,
    0.001,
    0.0005,
    0.0005,
    0.0005,
    0.0005,
    0.0005
  ]
}